EmpID,EmpLast,EmpFirst,Address,City,State,Zip,Phone,Cell,SSN,DOB,StartDate,EndDate,PositionID,Salary,HourlyRate,Review,WarehouseID,Memo
1,Bowers,David,10124 Metropolitan Drive,Seattle,WA,98117,2062465132,2065754321,154003785,1985-09-12,1998-01-22,NULL,1,72000,NULL,NULL,WA-1,
2,Iko,Robert,698 Round Mountain,Seattle,WA,98124,2065472315,2064875312,705246513,1994-12-16,2006-12-15,NULL,7,59500,NULL,2007-06-15,WA-1,
3,Sanchez,Virginia,201 River Road,Spokane,WA,99215,5093451687,5096348732,724568132,1988-10-24,2004-06-10,NULL,2,48500,NULL,2007-12-15,WA-1,Emergency contact for alarm company
4,Behrens,Eric,21 Adrian Way,Jackson Hole,WY,83005,3075461272,3075763154,956346120,1995-02-14,2005-09-12,2006-02-15,3,NULL,12.5,,WY-1,
7,Castillo,Brian,52 Denton Drive #49,Portland,OR,97205,5035742742,5035647154,923546124,1990-08-14,2001-06-14,NULL,3,NULL,12.75,2008-06-14,OR-1,
8,Cox,Cynthia,1515 Patterson Road,Portland,OR,97210,5032412423,5035496113,854230000,1985-10-06,2006-12-30,NULL,2,50000,NULL,2007-06-30,OR-1,
9,Maestas,John,5506 Beach Street West,Spokane,WA,99216,5096741543,5093782312,487002468,1995-11-24,2001-11-15,NULL,4,42500,NULL,2007-11-01,WA-1,Speaks fluent Spanish
10,Cumberland,Mark,16542 Angus Road #280,Portland,OR,97206,5032486453,5032786424,705435126,1996-07-30,2002-10-01,2006-03-15,6,NULL,12.25,,OR-1,
11,Colmenero,Darnell,6000 Balcones Drive,Seattle,WA,98113,2063475354,2063547215,723549785,1997-04-05,2002-09-02,NULL,3,NULL,15,2008-09-15,WA-1,
12,Lu,James,5003 Mallard Avenue #587,Jackson Hole,WY,83001,3076784513,3072468732,709564321,1999-12-31,2005-02-24,NULL,2,48500,NULL,2007-02-24,WY-1,Speaks fluent Chinese
13,Orosco,Barry,2001 Kenosha Pass,Spokane,WA,99216,5093451357,5093575166,723246875,1989-07-04,2006-03-21,2006-05-15,5,NULL,9.75,,WA-1,
14,Hargadon,Richard,901 Great Oaks Cove,Seattle,WA,98154,2063547987,2063541287,984651372,1991-03-01,2006-07-15,NULL,6,NULL,10.5,2007-08-15,WA-1,
15,Nader,John,321 Sturgis,Jackson Hole,WY,83001,3075467135,3072468731,905346755,1992-04-24,2001-08-01,NULL,3,NULL,11.25,2008-08-01,WY-1,
16,Medrano,George,3987 NW 87th Street #8,Seattle,WA,98124,2063412024,2063241200,546570000,1994-04-10,2006-10-15,NULL,6,NULL,11.25,2008-10-15,WA-1,
17,Goodman,Rachel,9876 Parker Street,Portland,OR,97204,5032415756,5032175613,978451342,1997-06-21,2004-11-03,NULL,5,NULL,12.75,2008-01-15,OR-1,On maternity leave through 12/2008
18,Anderson,Shayla,4321 Barton Cliff Drive,Seattle,WA,98124,2063214571,2063218756,926543210,1988-09-28,2003-09-24,NULL,6,NULL,12.5,2008-09-15,WA-1,
19,Ozmun,Alfonso,510 Immanuel Avenue,Seattle,WA,98126,2063124024,2062497513,946532100,1990-05-30,2005-06-15,NULL,5,NULL,12,2008-02-28,WA-1,
20,Nunis,Sophia,5471 Wyoming Springs Way,Spokane,WA,99214,5093478992,5098973246,987451372,1989-12-12,2006-10-20,NULL,6,NULL,12,2008-01-15,WA-1,
21,Nettles,Dora,24 Frontier Trail NE,Seattle,WA,98123,2067546512,2065795462,723246512,1988-10-14,2002-10-21,NULL,3,NULL,14.75,2008-02-15,WA-1,
22,Romano,Kristina,8 Anderson Loop,Seattle,WA,98113,2062449876,2062748648,704513547,1997-06-20,2001-05-20,NULL,4,45000,NULL,2008-05-01,WA-1,
23,Hearne,Doug,11 Lost Pine Trail,Portland,OR,97204,5032462465,5037654354,722154321,1982-05-21,2004-01-15,NULL,6,NULL,12.75,2008-01-15,OR-1,
24,Murphy,Tom,4007 James White Avenue,Portland,OR,97214,5032471355,5037543257,701543216,1977-06-05,2004-02-16,NULL,6,NULL,13,2008-03-15,OR-1,
25,Castro,Felicia,611 Montclaire Street,Portland,OR,97226,5037543871,5034757135,724216452,1980-09-14,2005-03-16,NULL,6,NULL,12.5,2008-03-15,OR-1,
26,Chiles,Gene,2506 Ferguson Lane #411,Portland,OR,97215,5032798246,5032467835,954321642,1982-07-05,2004-03-01,NULL,6,NULL,12.5,2008-03-01,OR-1,
27,Meyer,Kirby,110 Ponderosa,Portland,OR,97209,5032716579,5032795132,984651357,1980-11-12,2005-05-31,NULL,4,42500,NULL,2007-12-15,OR-1,
28,Bostic,Jim,1201 Chestnut Avenue #2,Portland,OR,97211,5032715496,5032164573,454006543,1979-12-12,2005-07-06,NULL,6,NULL,11.75,2008-07-01,OR-1,
29,McKeeman,Leland,79513 Airport Blvd.,Jackson Hole,WY,83005,3072462135,3072462465,963124672,1978-11-01,2004-09-25,NULL,3,NULL,14.5,2008-09-01,WY-1,
30,Ragland,Wade,9714 Circle Drive,Jackson Hole,WY,83005,3072749264,3072243241,706324675,1980-03-01,2004-09-25,NULL,4,43500,NULL,2008-09-01,WY-1,
31,Zucker,Cynthia,304 Ridgewood Drive #1,Jackson Hole,WY,83002,3075556432,3072465796,705315790,1967-08-22,2001-06-22,NULL,6,NULL,11.5,2007-06-01,WY-1,
32,Virr,Lisa,10086 Wells Parkway,Jackson Hole,WY,83010,3072746313,3072154324,421001579,1980-11-28,2006-11-16,NULL,5,NULL,11.5,2007-11-15,WY-1,
33,Pichardo,Shane,8301 Alvin High Blvd.,Jackson Hole,WY,83011,3075553216,3072468763,987465137,1983-12-14,2006-01-29,NULL,6,NULL,11.5,2007-01-15,WY-1,
34,Pena,Richard,5713 Mystic Street,Jackson Hole,WY,83012,3072456876,3072132762,716543272,1981-02-24,2006-04-26,NULL,6,NULL,11.75,2007-11-25,WY-1,
35,Collins,Jason,10275 Sam Bass Road,Jackson Hole,WY,83012,3072623546,3072664533,722165711,1980-10-14,2005-08-01,NULL,6,NULL,11.85,2007-08-01,WY-1,